﻿<?xml version="1.0" encoding="utf-8"?>
<deployment>
  <id>b9b57842-c089-4a0c-8723-e23f24758ab1</id>
  <author>N/A</author>
  <deployer>OneDeploy</deployer>
  <authorEmail>N/A</authorEmail>
  <message>OneDeploy</message>
  <progress></progress>
  <status>Success</status>
  <statusText></statusText>
  <lastSuccessEndTime>2025-06-02T14:24:42.693871Z</lastSuccessEndTime>
  <receivedTime>2025-06-02T14:24:31.1261146Z</receivedTime>
  <startTime>2025-06-02T14:24:32.536767Z</startTime>
  <endTime>2025-06-02T14:24:42.693871Z</endTime>
  <complete>True</complete>
  <is_temp>False</is_temp>
  <is_readonly>True</is_readonly>
  <buildSummary />
</deployment>