﻿<?xml version="1.0" encoding="utf-8"?>
<deployment>
  <id>d29f4b16-a5d3-4732-adee-7ef5b75d63a3</id>
  <author>N/A</author>
  <deployer>OneDeploy</deployer>
  <authorEmail>N/A</authorEmail>
  <message>OneDeploy</message>
  <progress></progress>
  <status>Success</status>
  <statusText></statusText>
  <lastSuccessEndTime>2025-06-02T11:13:35.1063788Z</lastSuccessEndTime>
  <receivedTime>2025-06-02T11:13:23.301774Z</receivedTime>
  <startTime>2025-06-02T11:13:24.7711318Z</startTime>
  <endTime>2025-06-02T11:13:35.1063788Z</endTime>
  <complete>True</complete>
  <is_temp>False</is_temp>
  <is_readonly>True</is_readonly>
  <buildSummary />
</deployment>