﻿<?xml version="1.0" encoding="utf-8"?>
<deployment>
  <id>153aca1a-5b78-4411-a9c3-270b73e22ed5</id>
  <author>N/A</author>
  <deployer>OneDeploy</deployer>
  <authorEmail>N/A</authorEmail>
  <message>OneDeploy</message>
  <progress></progress>
  <status>Success</status>
  <statusText></statusText>
  <lastSuccessEndTime>2025-06-02T14:45:06.7409186Z</lastSuccessEndTime>
  <receivedTime>2025-06-02T14:44:54.9564833Z</receivedTime>
  <startTime>2025-06-02T14:44:56.4455436Z</startTime>
  <endTime>2025-06-02T14:45:06.7409186Z</endTime>
  <complete>True</complete>
  <is_temp>False</is_temp>
  <is_readonly>True</is_readonly>
  <buildSummary />
</deployment>