<step title="Incoming Request" date="2025-06-02T14:34:14.027" instance="c8e42a" url="/api/publish?async=true&amp;deployer=GITHUB_ONE_DEPLOY&amp;type=zip&amp;message=%7B%22type%22%3A%22deployment%22%2C%22sha%22%3A%22d789cf02479eac319995dbe2ba244a0aa439a9ed%22%2C%22repoName%22%3A%22thiago092%2Ffinancas-ai%22%2C%22actor%22%3A%22thiago092%22%2C%22slotName%22%3A%22Production%22%2C%22commitMessage%22%3A%22Fix%3A%20Corrige%20startup%20command%20no%20web.config%20-%20Usa%20uvicorn%20com%20app.main%3Aapp%20em%20vez%20de%20gunicorn%22%7D" method="POST" type="request" pid="768,1,43" Host="financeiro-amd5aneeemb2c9bv.scm.canadacentral-01.azurewebsites.net" User-Agent="GITHUBACTIONS_DeployWebAppToAzure_80d3e7da56fa3ab761a16259a0ab7499bebf1b5265827a0eef849017aed9d422" Authorization="Bas..." Content-Type="application/octet-stream" Cookie="ARRAffinity=c8e42a2e9282e266f7f8208800e3f3003a7d6e8149859585d969c3187d57e418;Path=/;HttpOnly;Secure;Domain=financeiro-amd5aneeemb2c9bv.scm.canadacentral-01.azurewebsites.net; ARRAffinitySameSite=c8e42a2e9282e266f7f8208800e3f3003a7d6e8149859585d969c3187d57e418;Path=/;HttpOnly;SameSite=None;Secure;Domain=financeiro-amd5aneeemb2c9bv.scm.canadacentral-01.azurewebsites.net" Transfer-Encoding="chunked" X-ARR-LOG-ID="40c03c10-844d-4fbe-ad66-0c95488cb022" CLIENT-IP="172.191.118.193:36032" X-SITE-DEPLOYMENT-ID="financeiro" WAS-DEFAULT-HOSTNAME="financeiro-amd5aneeemb2c9bv.scm.canadacentral-01.azurewebsites.net" X-Forwarded-Proto="https" X-AppService-Proto="https" X-Forwarded-TlsVersion="1.3" X-WAWS-Unencoded-URL="/api/publish?async=true&amp;deployer=GITHUB_ONE_DEPLOY&amp;type=zip&amp;message=%7B%22type%22%3A%22deployment%22%2C%22sha%22%3A%22d789cf02479eac319995dbe2ba244a0aa439a9ed%22%2C%22repoName%22%3A%22thiago092%2Ffinancas-ai%22%2C%22actor%22%3A%22thiago092%22%2C%22slotName%22%3A%22Production%22%2C%22commitMessage%22%3A%22Fix%3A%20Corrige%20startup%20command%20no%20web.config%20-%20Usa%20uvicorn%20com%20app.main%3Aapp%20em%20vez%20de%20gunicorn%22%7D" X-Client-IP="172.191.118.193" X-Client-Port="36032" >
  <step title="OneDeploy" date="2025-06-02T14:34:14.212" >
    <step title="Starting PushDeployAsync" date="2025-06-02T14:34:14.280" /><!-- duration: 23ms -->
    <step title="Error occurred" date="2025-06-02T14:34:14.368" type="error" text="Error removing symlink: Path doesn&apos;t exist!" stackTrace="   at Mono.Unix.UnixFileSystemInfo.AssertValid()
   at Mono.Unix.UnixFileSystemInfo.get_FileType()
   at Kudu.Services.Deployment.PushDeploymentController.PushDeployAsync(ArtifactDeploymentInfo deploymentInfo, Boolean isAsync, HttpContext context, JObject requestJson) in /tmp/KuduLite/Kudu.Services/Deployment/PushDeploymentController.cs:line 740" /><!-- duration: 14ms -->
    <step title="Writing artifact to /tmp/zipdeploy/6482731f-0aa8-438b-a84a-28b37df752b6.zip" date="2025-06-02T14:34:14.393" >
      <step title="Writing multipart request body to /tmp/zipdeploy/6482731f-0aa8-438b-a84a-28b37df752b6.zip" date="2025-06-02T14:34:14.400" /><!-- duration: 7ms -->
    </step><!-- duration: 91ms -->
    <step title="Start deployment in the background" date="2025-06-02T14:34:14.513" >
      <step title="Acquiring Deployment Lock" date="2025-06-02T14:34:14.538" /><!-- duration: 6ms -->
      <step title="Acquired Deployment Lock" date="2025-06-02T14:34:14.592" /><!-- duration: 5ms -->
    </step><!-- duration: 185ms -->
  </step><!-- duration: 495ms -->
  <step title="Outgoing response" date="2025-06-02T14:34:14.714" type="response" statusCode="202" statusText="Accepted" /><!-- duration: 5ms -->
</step><!-- duration: 697ms -->
