<step title="Incoming Request" date="2025-06-02T11:13:18.210" instance="c8e42a" url="/api/publish?async=true&amp;deployer=GITHUB_ONE_DEPLOY&amp;type=zip&amp;message=%7B%22type%22%3A%22deployment%22%2C%22sha%22%3A%22d13f408e23712a47b8a754b3f7a0fb1a03d03b5f%22%2C%22repoName%22%3A%22thiago092%2Ffinancas-ai%22%2C%22actor%22%3A%22thiago092%22%2C%22slotName%22%3A%22Production%22%2C%22commitMessage%22%3A%22Fix%3A%20Corrige%20problemas%20de%20startup%20do%20Azure%20App%20Service%20-%20Fix%20database%20URL%20method%20call%2C%20remove%20conflitos%20SQLAlchemy%2C%20adiciona%20tratamento%20de%20erro%20robusto%2C%20atualiza%20requirements.txt%2C%20adiciona%20startup.txt%20e%20web.config%20para%20Azure%22%7D" method="POST" type="request" pid="767,1,45" Host="financeiro-amd5aneeemb2c9bv.scm.canadacentral-01.azurewebsites.net" User-Agent="GITHUBACTIONS_DeployWebAppToAzure_80d3e7da56fa3ab761a16259a0ab7499bebf1b5265827a0eef849017aed9d422" Authorization="Bas..." Content-Type="application/octet-stream" Cookie="ARRAffinity=c8e42a2e9282e266f7f8208800e3f3003a7d6e8149859585d969c3187d57e418;Path=/;HttpOnly;Secure;Domain=financeiro-amd5aneeemb2c9bv.scm.canadacentral-01.azurewebsites.net; ARRAffinitySameSite=c8e42a2e9282e266f7f8208800e3f3003a7d6e8149859585d969c3187d57e418;Path=/;HttpOnly;SameSite=None;Secure;Domain=financeiro-amd5aneeemb2c9bv.scm.canadacentral-01.azurewebsites.net" Transfer-Encoding="chunked" X-ARR-LOG-ID="992139cd-edf2-41c5-8a25-09555d743fce" CLIENT-IP="172.176.209.148:1024" X-SITE-DEPLOYMENT-ID="financeiro" WAS-DEFAULT-HOSTNAME="financeiro-amd5aneeemb2c9bv.scm.canadacentral-01.azurewebsites.net" X-Forwarded-Proto="https" X-AppService-Proto="https" X-Forwarded-TlsVersion="1.3" X-WAWS-Unencoded-URL="/api/publish?async=true&amp;deployer=GITHUB_ONE_DEPLOY&amp;type=zip&amp;message=%7B%22type%22%3A%22deployment%22%2C%22sha%22%3A%22d13f408e23712a47b8a754b3f7a0fb1a03d03b5f%22%2C%22repoName%22%3A%22thiago092%2Ffinancas-ai%22%2C%22actor%22%3A%22thiago092%22%2C%22slotName%22%3A%22Production%22%2C%22commitMessage%22%3A%22Fix%3A%20Corrige%20problemas%20de%20startup%20do%20Azure%20App%20Service%20-%20Fix%20database%20URL%20method%20call%2C%20remove%20conflitos%20SQLAlchemy%2C%20adiciona%20tratamento%20de%20erro%20robusto%2C%20atualiza%20requirements.txt%2C%20adiciona%20startup.txt%20e%20web.config%20para%20Azure%22%7D" X-Client-IP="172.176.209.148" X-Client-Port="1024" >
  <step title="OneDeploy" date="2025-06-02T11:13:18.452" >
    <step title="None repository commit" date="2025-06-02T11:13:18.503" >
      <step title="Commit id: d29f4b16-a5d3-4732-adee-7ef5b75d63a3" date="2025-06-02T11:13:18.509" Message="N/A" AuthorName="N/A" AuthorEmail="N/A" /><!-- duration: 5ms -->
    </step><!-- duration: 15ms -->
    <step title="Starting PushDeployAsync" date="2025-06-02T11:13:18.524" /><!-- duration: 5ms -->
    <step title="Error occurred" date="2025-06-02T11:13:18.732" type="error" text="Error removing symlink: Path doesn&apos;t exist!" stackTrace="   at Mono.Unix.UnixFileSystemInfo.AssertValid()
   at Mono.Unix.UnixFileSystemInfo.get_FileType()
   at Kudu.Services.Deployment.PushDeploymentController.PushDeployAsync(ArtifactDeploymentInfo deploymentInfo, Boolean isAsync, HttpContext context, JObject requestJson) in /tmp/KuduLite/Kudu.Services/Deployment/PushDeploymentController.cs:line 740" /><!-- duration: 25ms -->
    <step title="Writing artifact to /tmp/zipdeploy/ad9ecf2b-66b1-4e85-9e3b-8a9207108666.zip" date="2025-06-02T11:13:18.779" >
      <step title="Writing multipart request body to /tmp/zipdeploy/ad9ecf2b-66b1-4e85-9e3b-8a9207108666.zip" date="2025-06-02T11:13:18.798" /><!-- duration: 8ms -->
    </step><!-- duration: 249ms -->
    <step title="Start deployment in the background" date="2025-06-02T11:13:19.065" >
      <step title="Acquiring Deployment Lock" date="2025-06-02T11:13:19.095" /><!-- duration: 10ms -->
      <step title="Acquired Deployment Lock" date="2025-06-02T11:13:19.157" /><!-- duration: 5ms -->
    </step><!-- duration: 236ms -->
  </step><!-- duration: 859ms -->
  <step title="Outgoing response" date="2025-06-02T11:13:19.323" type="response" statusCode="202" statusText="Accepted" /><!-- duration: 5ms -->
</step><!-- duration: 1122ms -->
