<step title="BackgroundTrace" date="2025-06-02T14:44:50.511" instance="c8e42a" url="/api/publish" method="POST" >
  <step title="Creating temporary deployment - FetchDeploymentManager" date="2025-06-02T14:44:50.615" /><!-- duration: 5ms -->
  <step title="Creating temporary deployment" date="2025-06-02T14:44:50.630" /><!-- duration: 96ms -->
  <step title="Performing fetch based deployment" date="2025-06-02T14:44:50.851" >
    <step title="Cleaning up temp folders from previous zip deployments and extracting pushed zip file /tmp/zipdeploy/ff2afea0-2ef7-40ad-aed5-c68677628fe1.zip (3.04 MB) to /tmp/zipdeploy/extracted" date="2025-06-02T14:44:52.148" >
      <step title="ChmodRecursive Process exited with total time taken in ms: 326" date="2025-06-02T14:44:52.778" /><!-- duration: 19ms -->
    </step><!-- duration: 661ms -->
    <step title="Deployment timer started" date="2025-06-02T14:44:54.845" >
      <step title="DeploymentManager.Deploy(id:153aca1a-5b78-4411-a9c3-270b73e22ed5)" date="2025-06-02T14:44:54.856" >
        <step title="Collecting changeset information" date="2025-06-02T14:44:54.895" /><!-- duration: 160ms -->
        <step title="Updating submodules" date="2025-06-02T14:44:55.065" /><!-- duration: 1165ms -->
        <step title="Determining deployment builder" date="2025-06-02T14:44:56.516" >
          <step title="Builder is OneDeployBuilder" date="2025-06-02T14:44:56.562" /><!-- duration: 5ms -->
        </step><!-- duration: 59ms -->
        <step title="PreDeployment: context.CleanOutputPath False" date="2025-06-02T14:44:56.649" >
          <step title="PreDeployment: context.OutputPath /home/site/wwwroot" date="2025-06-02T14:44:56.786" >
            <step title="Building" date="2025-06-02T14:44:56.963" >
              <step title="Executing external process" date="2025-06-02T14:44:57.630" type="process" path="starter.sh" arguments="/opt/Kudu/Scripts/parallel_rsync.sh /tmp/zipdeploy/extracted /home/site/wwwroot 8 /tmp/ False False  " /><!-- duration: 8095ms -->
              <step title="Modified file to trigger a restart of the app container." date="2025-06-02T14:45:06.266" /><!-- duration: 10ms -->
              <step title="Skip function trigger and logicapp sync because function is not enabled." date="2025-06-02T14:45:06.282" /><!-- duration: 10ms -->
            </step><!-- duration: 10342ms -->
          </step><!-- duration: 10546ms -->
          <step title="Cleaning up temp files" date="2025-06-02T14:45:07.341" /><!-- duration: 12ms -->
          <step title="Cleaning up temp files" date="2025-06-02T14:45:07.372" /><!-- duration: 531ms -->
          <step title="Reloading status file with latest updates" date="2025-06-02T14:45:07.957" >
            <step title="WebHooksManager.PublishEventAsync: PostDeployment" date="2025-06-02T14:45:07.983" /><!-- duration: 174ms -->
          </step><!-- duration: 205ms -->
          <step title="Cleaning up temporary deployment - fetch deployment was successful" date="2025-06-02T14:45:08.171" /><!-- duration: 6ms -->
        </step><!-- duration: 11654ms -->
      </step><!-- duration: 13479ms -->
