<step title="Incoming Request" date="2025-06-02T14:24:26.260" instance="c8e42a" url="/api/publish?async=true&amp;deployer=GITHUB_ONE_DEPLOY&amp;type=zip&amp;message=%7B%22type%22%3A%22deployment%22%2C%22sha%22%3A%22217f9c7b4ce7505a3e04799412360fdc327de275%22%2C%22repoName%22%3A%22thiago092%2Ffinancas-ai%22%2C%22actor%22%3A%22thiago092%22%2C%22slotName%22%3A%22Production%22%2C%22commitMessage%22%3A%22Fix%3A%20Corrige%20conflito%20de%20depend%C3%AAncias%20pydantic%20-%20Atualiza%20pydantic%20para%202.4.2%20para%20compatibilidade%20com%20pydantic-settings%202.0.3%22%7D" method="POST" type="request" pid="768,1,35" Host="financeiro-amd5aneeemb2c9bv.scm.canadacentral-01.azurewebsites.net" User-Agent="GITHUBACTIONS_DeployWebAppToAzure_80d3e7da56fa3ab761a16259a0ab7499bebf1b5265827a0eef849017aed9d422" Authorization="Bas..." Content-Type="application/octet-stream" Cookie="ARRAffinity=c8e42a2e9282e266f7f8208800e3f3003a7d6e8149859585d969c3187d57e418;Path=/;HttpOnly;Secure;Domain=financeiro-amd5aneeemb2c9bv.scm.canadacentral-01.azurewebsites.net; ARRAffinitySameSite=c8e42a2e9282e266f7f8208800e3f3003a7d6e8149859585d969c3187d57e418;Path=/;HttpOnly;SameSite=None;Secure;Domain=financeiro-amd5aneeemb2c9bv.scm.canadacentral-01.azurewebsites.net" Transfer-Encoding="chunked" X-ARR-LOG-ID="c3396561-bb6d-4805-99fe-3bf90887e8e8" CLIENT-IP="172.183.22.224:1024" X-SITE-DEPLOYMENT-ID="financeiro" WAS-DEFAULT-HOSTNAME="financeiro-amd5aneeemb2c9bv.scm.canadacentral-01.azurewebsites.net" X-Forwarded-Proto="https" X-AppService-Proto="https" X-Forwarded-TlsVersion="1.3" X-WAWS-Unencoded-URL="/api/publish?async=true&amp;deployer=GITHUB_ONE_DEPLOY&amp;type=zip&amp;message=%7B%22type%22%3A%22deployment%22%2C%22sha%22%3A%22217f9c7b4ce7505a3e04799412360fdc327de275%22%2C%22repoName%22%3A%22thiago092%2Ffinancas-ai%22%2C%22actor%22%3A%22thiago092%22%2C%22slotName%22%3A%22Production%22%2C%22commitMessage%22%3A%22Fix%3A%20Corrige%20conflito%20de%20depend%C3%AAncias%20pydantic%20-%20Atualiza%20pydantic%20para%202.4.2%20para%20compatibilidade%20com%20pydantic-settings%202.0.3%22%7D" X-Client-IP="172.183.22.224" X-Client-Port="1024" >
  <step title="OneDeploy" date="2025-06-02T14:24:26.500" >
    <step title="None repository commit" date="2025-06-02T14:24:26.530" >
      <step title="Commit id: b9b57842-c089-4a0c-8723-e23f24758ab1" date="2025-06-02T14:24:26.535" Message="N/A" AuthorName="N/A" AuthorEmail="N/A" /><!-- duration: 5ms -->
    </step><!-- duration: 15ms -->
    <step title="Starting PushDeployAsync" date="2025-06-02T14:24:26.550" /><!-- duration: 5ms -->
    <step title="Error occurred" date="2025-06-02T14:24:26.655" type="error" text="Error removing symlink: Path doesn&apos;t exist!" stackTrace="   at Mono.Unix.UnixFileSystemInfo.AssertValid()
   at Mono.Unix.UnixFileSystemInfo.get_FileType()
   at Kudu.Services.Deployment.PushDeploymentController.PushDeployAsync(ArtifactDeploymentInfo deploymentInfo, Boolean isAsync, HttpContext context, JObject requestJson) in /tmp/KuduLite/Kudu.Services/Deployment/PushDeploymentController.cs:line 740" /><!-- duration: 6ms -->
    <step title="Writing artifact to /tmp/zipdeploy/b156dbb1-9ec6-4d5e-8d2b-193c2231c503.zip" date="2025-06-02T14:24:26.676" >
      <step title="Writing multipart request body to /tmp/zipdeploy/b156dbb1-9ec6-4d5e-8d2b-193c2231c503.zip" date="2025-06-02T14:24:26.694" /><!-- duration: 10ms -->
    </step><!-- duration: 212ms -->
    <step title="Start deployment in the background" date="2025-06-02T14:24:26.913" >
      <step title="Acquiring Deployment Lock" date="2025-06-02T14:24:26.946" /><!-- duration: 11ms -->
      <step title="Acquired Deployment Lock" date="2025-06-02T14:24:27.049" /><!-- duration: 5ms -->
    </step><!-- duration: 258ms -->
  </step><!-- duration: 697ms -->
  <step title="Outgoing response" date="2025-06-02T14:24:27.209" type="response" statusCode="202" statusText="Accepted" /><!-- duration: 8ms -->
</step><!-- duration: 963ms -->
