<step title="BackgroundTrace" date="2025-06-02T14:29:48.720" instance="c8e42a" url="/api/publish" method="POST" >
  <step title="Creating temporary deployment - FetchDeploymentManager" date="2025-06-02T14:29:48.824" /><!-- duration: 5ms -->
  <step title="Creating temporary deployment" date="2025-06-02T14:29:48.839" /><!-- duration: 88ms -->
  <step title="Performing fetch based deployment" date="2025-06-02T14:29:49.027" >
    <step title="Cleaning up temp folders from previous zip deployments and extracting pushed zip file /tmp/zipdeploy/a9d03b0b-03bc-4477-8a1e-4cc3e74deebb.zip (3.04 MB) to /tmp/zipdeploy/extracted" date="2025-06-02T14:29:50.302" >
      <step title="ChmodRecursive Process exited with total time taken in ms: 109" date="2025-06-02T14:29:50.665" /><!-- duration: 18ms -->
    </step><!-- duration: 400ms -->
    <step title="Deployment timer started" date="2025-06-02T14:29:52.742" >
      <step title="DeploymentManager.Deploy(id:6bfce4c3-c8fa-43c3-bd98-92481291f109)" date="2025-06-02T14:29:52.780" >
        <step title="Collecting changeset information" date="2025-06-02T14:29:52.877" /><!-- duration: 228ms -->
        <step title="Updating submodules" date="2025-06-02T14:29:53.116" /><!-- duration: 1162ms -->
        <step title="Determining deployment builder" date="2025-06-02T14:29:54.550" >
          <step title="Builder is OneDeployBuilder" date="2025-06-02T14:29:54.584" /><!-- duration: 10ms -->
        </step><!-- duration: 49ms -->
        <step title="PreDeployment: context.CleanOutputPath False" date="2025-06-02T14:29:54.667" >
          <step title="PreDeployment: context.OutputPath /home/site/wwwroot" date="2025-06-02T14:29:54.819" >
            <step title="Building" date="2025-06-02T14:29:54.962" >
              <step title="Executing external process" date="2025-06-02T14:29:55.941" type="process" path="starter.sh" arguments="/opt/Kudu/Scripts/parallel_rsync.sh /tmp/zipdeploy/extracted /home/site/wwwroot 8 /tmp/ False False  " /><!-- duration: 5384ms -->
              <step title="Modified file to trigger a restart of the app container." date="2025-06-02T14:30:02.133" /><!-- duration: 8ms -->
              <step title="Skip function trigger and logicapp sync because function is not enabled." date="2025-06-02T14:30:02.146" /><!-- duration: 7ms -->
            </step><!-- duration: 9065ms -->
          </step><!-- duration: 9273ms -->
          <step title="Cleaning up temp files" date="2025-06-02T14:30:04.102" /><!-- duration: 28ms -->
          <step title="Cleaning up temp files" date="2025-06-02T14:30:04.152" /><!-- duration: 546ms -->
          <step title="Reloading status file with latest updates" date="2025-06-02T14:30:04.767" >
            <step title="WebHooksManager.PublishEventAsync: PostDeployment" date="2025-06-02T14:30:04.801" /><!-- duration: 86ms -->
          </step><!-- duration: 131ms -->
          <step title="Cleaning up temporary deployment - fetch deployment was successful" date="2025-06-02T14:30:04.918" /><!-- duration: 11ms -->
        </step><!-- duration: 10386ms -->
      </step><!-- duration: 12349ms -->
