<step title="BackgroundTrace" date="2025-06-02T14:34:14.520" instance="c8e42a" url="/api/publish" method="POST" >
  <step title="Creating temporary deployment - FetchDeploymentManager" date="2025-06-02T14:34:14.602" /><!-- duration: 5ms -->
  <step title="Creating temporary deployment" date="2025-06-02T14:34:14.616" /><!-- duration: 77ms -->
  <step title="Performing fetch based deployment" date="2025-06-02T14:34:14.778" >
    <step title="Cleaning up temp folders from previous zip deployments and extracting pushed zip file /tmp/zipdeploy/6482731f-0aa8-438b-a84a-28b37df752b6.zip (3.04 MB) to /tmp/zipdeploy/extracted" date="2025-06-02T14:34:15.974" >
      <step title="ChmodRecursive Process exited with total time taken in ms: 97" date="2025-06-02T14:34:16.291" /><!-- duration: 17ms -->
    </step><!-- duration: 354ms -->
    <step title="Deployment timer started" date="2025-06-02T14:34:18.360" >
      <step title="DeploymentManager.Deploy(id:94eb2976-6a9a-4745-b57a-5241c24f6da1)" date="2025-06-02T14:34:18.372" >
        <step title="Collecting changeset information" date="2025-06-02T14:34:18.450" /><!-- duration: 166ms -->
        <step title="Updating submodules" date="2025-06-02T14:34:18.628" /><!-- duration: 1191ms -->
        <step title="Determining deployment builder" date="2025-06-02T14:34:20.118" >
          <step title="Builder is OneDeployBuilder" date="2025-06-02T14:34:20.150" /><!-- duration: 5ms -->
        </step><!-- duration: 43ms -->
        <step title="PreDeployment: context.CleanOutputPath False" date="2025-06-02T14:34:20.234" >
          <step title="PreDeployment: context.OutputPath /home/site/wwwroot" date="2025-06-02T14:34:20.370" >
            <step title="Building" date="2025-06-02T14:34:20.591" >
              <step title="Executing external process" date="2025-06-02T14:34:21.735" type="process" path="starter.sh" arguments="/opt/Kudu/Scripts/parallel_rsync.sh /tmp/zipdeploy/extracted /home/site/wwwroot 8 /tmp/ False False  " /><!-- duration: 5823ms -->
              <step title="Modified file to trigger a restart of the app container." date="2025-06-02T14:34:28.021" /><!-- duration: 8ms -->
              <step title="Skip function trigger and logicapp sync because function is not enabled." date="2025-06-02T14:34:28.038" /><!-- duration: 16ms -->
            </step><!-- duration: 8362ms -->
          </step><!-- duration: 8597ms -->
          <step title="Cleaning up temp files" date="2025-06-02T14:34:28.974" /><!-- duration: 10ms -->
          <step title="Cleaning up temp files" date="2025-06-02T14:34:29.013" /><!-- duration: 510ms -->
          <step title="Reloading status file with latest updates" date="2025-06-02T14:34:29.577" >
            <step title="WebHooksManager.PublishEventAsync: PostDeployment" date="2025-06-02T14:34:29.589" /><!-- duration: 51ms -->
          </step><!-- duration: 68ms -->
          <step title="Cleaning up temporary deployment - fetch deployment was successful" date="2025-06-02T14:34:29.656" /><!-- duration: 5ms -->
        </step><!-- duration: 9535ms -->
      </step><!-- duration: 11424ms -->
