<step title="Incoming Request" date="2025-06-02T14:44:49.502" instance="c8e42a" url="/api/publish?async=true&amp;deployer=GITHUB_ONE_DEPLOY&amp;type=zip&amp;message=%7B%22type%22%3A%22deployment%22%2C%22sha%22%3A%22c1f102bceb2c2d38be1f505182bdb4d6909ae918%22%2C%22repoName%22%3A%22thiago092%2Ffinancas-ai%22%2C%22actor%22%3A%22thiago092%22%2C%22slotName%22%3A%22Production%22%2C%22commitMessage%22%3A%22Fix%3A%20Adiciona%20app.py%20e%20atualiza%20startup%20para%20Gunicorn%20com%20FastAPI%22%7D" method="POST" type="request" pid="767,1,20" Host="financeiro-amd5aneeemb2c9bv.scm.canadacentral-01.azurewebsites.net" User-Agent="GITHUBACTIONS_DeployWebAppToAzure_80d3e7da56fa3ab761a16259a0ab7499bebf1b5265827a0eef849017aed9d422" Authorization="Bas..." Content-Type="application/octet-stream" Cookie="ARRAffinity=c8e42a2e9282e266f7f8208800e3f3003a7d6e8149859585d969c3187d57e418;Path=/;HttpOnly;Secure;Domain=financeiro-amd5aneeemb2c9bv.scm.canadacentral-01.azurewebsites.net; ARRAffinitySameSite=c8e42a2e9282e266f7f8208800e3f3003a7d6e8149859585d969c3187d57e418;Path=/;HttpOnly;SameSite=None;Secure;Domain=financeiro-amd5aneeemb2c9bv.scm.canadacentral-01.azurewebsites.net" Transfer-Encoding="chunked" X-ARR-LOG-ID="03fd6861-ee6f-4522-9233-db289fab7a56" CLIENT-IP="20.241.69.110:1024" X-SITE-DEPLOYMENT-ID="financeiro" WAS-DEFAULT-HOSTNAME="financeiro-amd5aneeemb2c9bv.scm.canadacentral-01.azurewebsites.net" X-Forwarded-Proto="https" X-AppService-Proto="https" X-Forwarded-TlsVersion="1.3" X-WAWS-Unencoded-URL="/api/publish?async=true&amp;deployer=GITHUB_ONE_DEPLOY&amp;type=zip&amp;message=%7B%22type%22%3A%22deployment%22%2C%22sha%22%3A%22c1f102bceb2c2d38be1f505182bdb4d6909ae918%22%2C%22repoName%22%3A%22thiago092%2Ffinancas-ai%22%2C%22actor%22%3A%22thiago092%22%2C%22slotName%22%3A%22Production%22%2C%22commitMessage%22%3A%22Fix%3A%20Adiciona%20app.py%20e%20atualiza%20startup%20para%20Gunicorn%20com%20FastAPI%22%7D" X-Client-IP="20.241.69.110" X-Client-Port="1024" >
  <step title="OneDeploy" date="2025-06-02T14:44:49.951" >
    <step title="None repository commit" date="2025-06-02T14:44:49.986" >
      <step title="Commit id: 153aca1a-5b78-4411-a9c3-270b73e22ed5" date="2025-06-02T14:44:49.995" Message="N/A" AuthorName="N/A" AuthorEmail="N/A" /><!-- duration: 5ms -->
    </step><!-- duration: 18ms -->
    <step title="Starting PushDeployAsync" date="2025-06-02T14:44:50.011" /><!-- duration: 5ms -->
    <step title="Error occurred" date="2025-06-02T14:44:50.153" type="error" text="Error removing symlink: Path doesn&apos;t exist!" stackTrace="   at Mono.Unix.UnixFileSystemInfo.AssertValid()
   at Mono.Unix.UnixFileSystemInfo.get_FileType()
   at Kudu.Services.Deployment.PushDeploymentController.PushDeployAsync(ArtifactDeploymentInfo deploymentInfo, Boolean isAsync, HttpContext context, JObject requestJson) in /tmp/KuduLite/Kudu.Services/Deployment/PushDeploymentController.cs:line 740" /><!-- duration: 8ms -->
    <step title="Writing artifact to /tmp/zipdeploy/ff2afea0-2ef7-40ad-aed5-c68677628fe1.zip" date="2025-06-02T14:44:50.181" >
      <step title="Writing multipart request body to /tmp/zipdeploy/ff2afea0-2ef7-40ad-aed5-c68677628fe1.zip" date="2025-06-02T14:44:50.192" /><!-- duration: 9ms -->
    </step><!-- duration: 289ms -->
    <step title="Start deployment in the background" date="2025-06-02T14:44:50.490" >
      <step title="Acquiring Deployment Lock" date="2025-06-02T14:44:50.538" /><!-- duration: 9ms -->
      <step title="Acquired Deployment Lock" date="2025-06-02T14:44:50.604" /><!-- duration: 5ms -->
    </step><!-- duration: 242ms -->
  </step><!-- duration: 791ms -->
  <step title="Outgoing response" date="2025-06-02T14:44:50.771" type="response" statusCode="202" statusText="Accepted" /><!-- duration: 5ms -->
</step><!-- duration: 1279ms -->
