<step title="Incoming Request" date="2025-06-02T03:07:43.773" instance="c8e42a" url="/api/publish?async=true&amp;deployer=GITHUB_ONE_DEPLOY&amp;type=zip&amp;message=%7B%22type%22%3A%22deployment%22%2C%22sha%22%3A%222ff8ce2edc9629501c100b705de763724091817e%22%2C%22repoName%22%3A%22thiago092%2Ffinancas-ai%22%2C%22actor%22%3A%22thiago092%22%2C%22slotName%22%3A%22Production%22%2C%22commitMessage%22%3A%22Update%20gitignore%20and%20workflow%20for%20deployment%22%7D" method="POST" type="request" pid="772,1,21" Host="financeiro-amd5aneeemb2c9bv.scm.canadacentral-01.azurewebsites.net" User-Agent="GITHUBACTIONS_DeployWebAppToAzure_80d3e7da56fa3ab761a16259a0ab7499bebf1b5265827a0eef849017aed9d422" Authorization="Bas..." Content-Type="application/octet-stream" Cookie="ARRAffinity=c8e42a2e9282e266f7f8208800e3f3003a7d6e8149859585d969c3187d57e418;Path=/;HttpOnly;Secure;Domain=financeiro-amd5aneeemb2c9bv.scm.canadacentral-01.azurewebsites.net; ARRAffinitySameSite=c8e42a2e9282e266f7f8208800e3f3003a7d6e8149859585d969c3187d57e418;Path=/;HttpOnly;SameSite=None;Secure;Domain=financeiro-amd5aneeemb2c9bv.scm.canadacentral-01.azurewebsites.net" Transfer-Encoding="chunked" X-ARR-LOG-ID="a8c510b8-8274-4c77-bc22-3337e8954e8e" CLIENT-IP="20.122.103.102:1984" X-SITE-DEPLOYMENT-ID="financeiro" WAS-DEFAULT-HOSTNAME="financeiro-amd5aneeemb2c9bv.scm.canadacentral-01.azurewebsites.net" X-Forwarded-Proto="https" X-AppService-Proto="https" X-Forwarded-TlsVersion="1.3" X-WAWS-Unencoded-URL="/api/publish?async=true&amp;deployer=GITHUB_ONE_DEPLOY&amp;type=zip&amp;message=%7B%22type%22%3A%22deployment%22%2C%22sha%22%3A%222ff8ce2edc9629501c100b705de763724091817e%22%2C%22repoName%22%3A%22thiago092%2Ffinancas-ai%22%2C%22actor%22%3A%22thiago092%22%2C%22slotName%22%3A%22Production%22%2C%22commitMessage%22%3A%22Update%20gitignore%20and%20workflow%20for%20deployment%22%7D" X-Client-IP="20.122.103.102" X-Client-Port="1984" >
  <step title="OneDeploy" date="2025-06-02T03:07:44.577" >
    <step title="None repository commit" date="2025-06-02T03:07:44.624" >
      <step title="Commit id: dacbfc22-e3da-428b-a93c-8e1900a02c38" date="2025-06-02T03:07:44.629" Message="N/A" AuthorName="N/A" AuthorEmail="N/A" /><!-- duration: 5ms -->
    </step><!-- duration: 16ms -->
    <step title="Starting PushDeployAsync" date="2025-06-02T03:07:44.645" /><!-- duration: 5ms -->
    <step title="Error occurred" date="2025-06-02T03:07:44.763" type="error" text="Error removing symlink: Path doesn&apos;t exist!" stackTrace="   at Mono.Unix.UnixFileSystemInfo.AssertValid()
   at Mono.Unix.UnixFileSystemInfo.get_FileType()
   at Kudu.Services.Deployment.PushDeploymentController.PushDeployAsync(ArtifactDeploymentInfo deploymentInfo, Boolean isAsync, HttpContext context, JObject requestJson) in /tmp/KuduLite/Kudu.Services/Deployment/PushDeploymentController.cs:line 740" /><!-- duration: 11ms -->
    <step title="Writing artifact to /tmp/zipdeploy/71387375-3c9f-4845-8bb5-63aa8634b73e.zip" date="2025-06-02T03:07:44.790" >
      <step title="Writing multipart request body to /tmp/zipdeploy/71387375-3c9f-4845-8bb5-63aa8634b73e.zip" date="2025-06-02T03:07:44.819" /><!-- duration: 22ms -->
    </step><!-- duration: 252ms -->
    <step title="Start deployment in the background" date="2025-06-02T03:07:45.073" >
      <step title="Acquiring Deployment Lock" date="2025-06-02T03:07:45.130" /><!-- duration: 5ms -->
      <step title="Acquired Deployment Lock" date="2025-06-02T03:07:45.182" /><!-- duration: 5ms -->
    </step><!-- duration: 319ms -->
  </step><!-- duration: 824ms -->
  <step title="Outgoing response" date="2025-06-02T03:07:45.417" type="response" statusCode="202" statusText="Accepted" /><!-- duration: 9ms -->
</step><!-- duration: 1659ms -->
