<step title="Incoming Request" date="2025-06-02T14:29:48.282" instance="c8e42a" url="/api/publish?async=true&amp;deployer=GITHUB_ONE_DEPLOY&amp;type=zip&amp;message=%7B%22type%22%3A%22deployment%22%2C%22sha%22%3A%22ab2bb47d6a916afed321093f0b044f6bc9298a15%22%2C%22repoName%22%3A%22thiago092%2Ffinancas-ai%22%2C%22actor%22%3A%22thiago092%22%2C%22slotName%22%3A%22Production%22%2C%22commitMessage%22%3A%22Fix%3A%20Volta%20para%20vers%C3%B5es%20est%C3%A1veis%20-%20FastAPI%200.100.1%20%2B%20pydantic%201.10.12%2C%20simplifica%20startup%20para%20uvicorn%20direto%2C%20remove%20pydantic-settings%22%7D" method="POST" type="request" pid="768,1,45" Host="financeiro-amd5aneeemb2c9bv.scm.canadacentral-01.azurewebsites.net" User-Agent="GITHUBACTIONS_DeployWebAppToAzure_80d3e7da56fa3ab761a16259a0ab7499bebf1b5265827a0eef849017aed9d422" Authorization="Bas..." Content-Type="application/octet-stream" Cookie="ARRAffinity=c8e42a2e9282e266f7f8208800e3f3003a7d6e8149859585d969c3187d57e418;Path=/;HttpOnly;Secure;Domain=financeiro-amd5aneeemb2c9bv.scm.canadacentral-01.azurewebsites.net; ARRAffinitySameSite=c8e42a2e9282e266f7f8208800e3f3003a7d6e8149859585d969c3187d57e418;Path=/;HttpOnly;SameSite=None;Secure;Domain=financeiro-amd5aneeemb2c9bv.scm.canadacentral-01.azurewebsites.net" Transfer-Encoding="chunked" X-ARR-LOG-ID="c815552d-bb5f-46e3-b2bb-37b7bd63aaf6" CLIENT-IP="40.112.208.230:1984" X-SITE-DEPLOYMENT-ID="financeiro" WAS-DEFAULT-HOSTNAME="financeiro-amd5aneeemb2c9bv.scm.canadacentral-01.azurewebsites.net" X-Forwarded-Proto="https" X-AppService-Proto="https" X-Forwarded-TlsVersion="1.3" X-WAWS-Unencoded-URL="/api/publish?async=true&amp;deployer=GITHUB_ONE_DEPLOY&amp;type=zip&amp;message=%7B%22type%22%3A%22deployment%22%2C%22sha%22%3A%22ab2bb47d6a916afed321093f0b044f6bc9298a15%22%2C%22repoName%22%3A%22thiago092%2Ffinancas-ai%22%2C%22actor%22%3A%22thiago092%22%2C%22slotName%22%3A%22Production%22%2C%22commitMessage%22%3A%22Fix%3A%20Volta%20para%20vers%C3%B5es%20est%C3%A1veis%20-%20FastAPI%200.100.1%20%2B%20pydantic%201.10.12%2C%20simplifica%20startup%20para%20uvicorn%20direto%2C%20remove%20pydantic-settings%22%7D" X-Client-IP="40.112.208.230" X-Client-Port="1984" >
  <step title="OneDeploy" date="2025-06-02T14:29:48.306" >
    <step title="Starting PushDeployAsync" date="2025-06-02T14:29:48.320" /><!-- duration: 4ms -->
    <step title="Error occurred" date="2025-06-02T14:29:48.351" type="error" text="Error removing symlink: Path doesn&apos;t exist!" stackTrace="   at Mono.Unix.UnixFileSystemInfo.AssertValid()
   at Mono.Unix.UnixFileSystemInfo.get_FileType()
   at Kudu.Services.Deployment.PushDeploymentController.PushDeployAsync(ArtifactDeploymentInfo deploymentInfo, Boolean isAsync, HttpContext context, JObject requestJson) in /tmp/KuduLite/Kudu.Services/Deployment/PushDeploymentController.cs:line 740" /><!-- duration: 15ms -->
    <step title="Writing artifact to /tmp/zipdeploy/a9d03b0b-03bc-4477-8a1e-4cc3e74deebb.zip" date="2025-06-02T14:29:48.390" >
      <step title="Writing multipart request body to /tmp/zipdeploy/a9d03b0b-03bc-4477-8a1e-4cc3e74deebb.zip" date="2025-06-02T14:29:48.400" /><!-- duration: 9ms -->
    </step><!-- duration: 302ms -->
    <step title="Start deployment in the background" date="2025-06-02T14:29:48.708" >
      <step title="Acquiring Deployment Lock" date="2025-06-02T14:29:48.759" /><!-- duration: 5ms -->
      <step title="Acquired Deployment Lock" date="2025-06-02T14:29:48.806" /><!-- duration: 8ms -->
    </step><!-- duration: 228ms -->
  </step><!-- duration: 637ms -->
  <step title="Outgoing response" date="2025-06-02T14:29:48.948" type="response" statusCode="202" statusText="Accepted" /><!-- duration: 5ms -->
</step><!-- duration: 690ms -->
