<step title="BackgroundTrace" date="2025-06-02T03:07:45.092" instance="c8e42a" url="/api/publish" method="POST" >
  <step title="Cleanup Xml Logs" date="2025-06-02T03:07:45.099" /><!-- duration: 9ms -->
  <step title="Creating temporary deployment - FetchDeploymentManager" date="2025-06-02T03:07:45.193" /><!-- duration: 4ms -->
  <step title="Creating temporary deployment" date="2025-06-02T03:07:45.208" /><!-- duration: 178ms -->
  <step title="Performing fetch based deployment" date="2025-06-02T03:07:45.502" >
    <step title="Cleaning up temp folders from previous zip deployments and extracting pushed zip file /tmp/zipdeploy/71387375-3c9f-4845-8bb5-63aa8634b73e.zip (3.04 MB) to /tmp/zipdeploy/extracted" date="2025-06-02T03:07:46.783" >
      <step title="ChmodRecursive Process exited with total time taken in ms: 169" date="2025-06-02T03:07:47.354" /><!-- duration: 9ms -->
    </step><!-- duration: 585ms -->
    <step title="Deployment timer started" date="2025-06-02T03:07:49.404" >
      <step title="DeploymentManager.Deploy(id:dacbfc22-e3da-428b-a93c-8e1900a02c38)" date="2025-06-02T03:07:49.428" >
        <step title="Collecting changeset information" date="2025-06-02T03:07:49.479" /><!-- duration: 129ms -->
        <step title="Updating submodules" date="2025-06-02T03:07:49.633" /><!-- duration: 1139ms -->
        <step title="Determining deployment builder" date="2025-06-02T03:07:51.036" >
          <step title="Builder is OneDeployBuilder" date="2025-06-02T03:07:51.086" /><!-- duration: 13ms -->
        </step><!-- duration: 79ms -->
        <step title="PreDeployment: context.CleanOutputPath False" date="2025-06-02T03:07:51.203" >
          <step title="PreDeployment: context.OutputPath /home/site/wwwroot" date="2025-06-02T03:07:51.711" >
            <step title="Building" date="2025-06-02T03:07:51.979" >
              <step title="Executing external process" date="2025-06-02T03:07:52.518" type="process" path="starter.sh" arguments="/opt/Kudu/Scripts/parallel_rsync.sh /tmp/zipdeploy/extracted /home/site/wwwroot 8 /tmp/ False False  " /><!-- duration: 7292ms -->
              <step title="Modified file to trigger a restart of the app container." date="2025-06-02T03:08:00.353" /><!-- duration: 5ms -->
              <step title="Skip function trigger and logicapp sync because function is not enabled." date="2025-06-02T03:08:00.386" /><!-- duration: 29ms -->
            </step><!-- duration: 9351ms -->
          </step><!-- duration: 9634ms -->
          <step title="Cleaning up temp files" date="2025-06-02T03:08:01.350" /><!-- duration: 7ms -->
          <step title="Cleaning up temp files" date="2025-06-02T03:08:01.380" /><!-- duration: 524ms -->
          <step title="Reloading status file with latest updates" date="2025-06-02T03:08:01.938" >
            <step title="WebHooksManager.PublishEventAsync: PostDeployment" date="2025-06-02T03:08:01.965" /><!-- duration: 323ms -->
          </step><!-- duration: 360ms -->
          <step title="Cleaning up temporary deployment - fetch deployment was successful" date="2025-06-02T03:08:02.319" /><!-- duration: 12ms -->
        </step><!-- duration: 11384ms -->
      </step><!-- duration: 13255ms -->
