<step title="BackgroundTrace" date="2025-06-02T14:24:26.925" instance="c8e42a" url="/api/publish" method="POST" >
  <step title="Creating temporary deployment - FetchDeploymentManager" date="2025-06-02T14:24:27.059" /><!-- duration: 5ms -->
  <step title="Creating temporary deployment" date="2025-06-02T14:24:27.075" /><!-- duration: 91ms -->
  <step title="Performing fetch based deployment" date="2025-06-02T14:24:27.285" >
    <step title="Cleaning up temp folders from previous zip deployments and extracting pushed zip file /tmp/zipdeploy/b156dbb1-9ec6-4d5e-8d2b-193c2231c503.zip (3.04 MB) to /tmp/zipdeploy/extracted" date="2025-06-02T14:24:28.584" >
      <step title="ChmodRecursive Process exited with total time taken in ms: 115" date="2025-06-02T14:24:28.980" /><!-- duration: 8ms -->
    </step><!-- duration: 411ms -->
    <step title="Deployment timer started" date="2025-06-02T14:24:31.022" >
      <step title="DeploymentManager.Deploy(id:b9b57842-c089-4a0c-8723-e23f24758ab1)" date="2025-06-02T14:24:31.036" >
        <step title="Collecting changeset information" date="2025-06-02T14:24:31.069" /><!-- duration: 127ms -->
        <step title="Updating submodules" date="2025-06-02T14:24:31.206" /><!-- duration: 1136ms -->
        <step title="Determining deployment builder" date="2025-06-02T14:24:32.609" >
          <step title="Builder is OneDeployBuilder" date="2025-06-02T14:24:32.653" /><!-- duration: 5ms -->
        </step><!-- duration: 57ms -->
        <step title="PreDeployment: context.CleanOutputPath False" date="2025-06-02T14:24:32.766" >
          <step title="PreDeployment: context.OutputPath /home/site/wwwroot" date="2025-06-02T14:24:32.902" >
            <step title="Building" date="2025-06-02T14:24:33.098" >
              <step title="Executing external process" date="2025-06-02T14:24:33.691" type="process" path="starter.sh" arguments="/opt/Kudu/Scripts/parallel_rsync.sh /tmp/zipdeploy/extracted /home/site/wwwroot 8 /tmp/ False False  " /><!-- duration: 7346ms -->
              <step title="Modified file to trigger a restart of the app container." date="2025-06-02T14:24:42.203" /><!-- duration: 10ms -->
              <step title="Skip function trigger and logicapp sync because function is not enabled." date="2025-06-02T14:24:42.242" /><!-- duration: 9ms -->
            </step><!-- duration: 10011ms -->
          </step><!-- duration: 10229ms -->
          <step title="Cleaning up temp files" date="2025-06-02T14:24:43.136" /><!-- duration: 16ms -->
          <step title="Cleaning up temp files" date="2025-06-02T14:24:43.162" /><!-- duration: 515ms -->
          <step title="Reloading status file with latest updates" date="2025-06-02T14:24:43.710" >
            <step title="WebHooksManager.PublishEventAsync: PostDeployment" date="2025-06-02T14:24:43.720" /><!-- duration: 152ms -->
          </step><!-- duration: 167ms -->
          <step title="Cleaning up temporary deployment - fetch deployment was successful" date="2025-06-02T14:24:43.885" /><!-- duration: 6ms -->
        </step><!-- duration: 11239ms -->
      </step><!-- duration: 12999ms -->
