<step title="BackgroundTrace" date="2025-06-02T11:13:19.075" instance="c8e42a" url="/api/publish" method="POST" >
  <step title="Creating temporary deployment - FetchDeploymentManager" date="2025-06-02T11:13:19.168" /><!-- duration: 5ms -->
  <step title="Creating temporary deployment" date="2025-06-02T11:13:19.183" /><!-- duration: 110ms -->
  <step title="Performing fetch based deployment" date="2025-06-02T11:13:19.398" >
    <step title="Cleaning up temp folders from previous zip deployments and extracting pushed zip file /tmp/zipdeploy/ad9ecf2b-66b1-4e85-9e3b-8a9207108666.zip (3.04 MB) to /tmp/zipdeploy/extracted" date="2025-06-02T11:13:20.650" >
      <step title="ChmodRecursive Process exited with total time taken in ms: 140" date="2025-06-02T11:13:21.004" /><!-- duration: 18ms -->
    </step><!-- duration: 380ms -->
    <step title="Deployment timer started" date="2025-06-02T11:13:23.063" >
      <step title="DeploymentManager.Deploy(id:d29f4b16-a5d3-4732-adee-7ef5b75d63a3)" date="2025-06-02T11:13:23.092" >
        <step title="Collecting changeset information" date="2025-06-02T11:13:23.199" /><!-- duration: 184ms -->
        <step title="Updating submodules" date="2025-06-02T11:13:23.404" /><!-- duration: 1158ms -->
        <step title="Determining deployment builder" date="2025-06-02T11:13:24.841" >
          <step title="Builder is OneDeployBuilder" date="2025-06-02T11:13:24.876" /><!-- duration: 9ms -->
        </step><!-- duration: 50ms -->
        <step title="PreDeployment: context.CleanOutputPath False" date="2025-06-02T11:13:24.966" >
          <step title="PreDeployment: context.OutputPath /home/site/wwwroot" date="2025-06-02T11:13:25.102" >
            <step title="Building" date="2025-06-02T11:13:25.410" >
              <step title="Executing external process" date="2025-06-02T11:13:26.272" type="process" path="starter.sh" arguments="/opt/Kudu/Scripts/parallel_rsync.sh /tmp/zipdeploy/extracted /home/site/wwwroot 8 /tmp/ False False  " /><!-- duration: 7870ms -->
              <step title="Modified file to trigger a restart of the app container." date="2025-06-02T11:13:34.663" /><!-- duration: 5ms -->
              <step title="Skip function trigger and logicapp sync because function is not enabled." date="2025-06-02T11:13:34.676" /><!-- duration: 5ms -->
            </step><!-- duration: 10087ms -->
          </step><!-- duration: 10413ms -->
          <step title="Cleaning up temp files" date="2025-06-02T11:13:35.520" /><!-- duration: 12ms -->
          <step title="Cleaning up temp files" date="2025-06-02T11:13:35.545" /><!-- duration: 517ms -->
          <step title="Reloading status file with latest updates" date="2025-06-02T11:13:36.139" >
            <step title="WebHooksManager.PublishEventAsync: PostDeployment" date="2025-06-02T11:13:36.151" /><!-- duration: 141ms -->
          </step><!-- duration: 158ms -->
          <step title="Cleaning up temporary deployment - fetch deployment was successful" date="2025-06-02T11:13:36.308" /><!-- duration: 7ms -->
        </step><!-- duration: 11440ms -->
      </step><!-- duration: 13343ms -->
