﻿<?xml version="1.0" encoding="utf-8"?>
<deployment>
  <id>dacbfc22-e3da-428b-a93c-8e1900a02c38</id>
  <author>N/A</author>
  <deployer>OneDeploy</deployer>
  <authorEmail>N/A</authorEmail>
  <message>OneDeploy</message>
  <progress></progress>
  <status>Success</status>
  <statusText></statusText>
  <lastSuccessEndTime>2025-06-02T03:08:00.9085942Z</lastSuccessEndTime>
  <receivedTime>2025-06-02T03:07:49.5388788Z</receivedTime>
  <startTime>2025-06-02T03:07:50.9675137Z</startTime>
  <endTime>2025-06-02T03:08:00.9085942Z</endTime>
  <complete>True</complete>
  <is_temp>False</is_temp>
  <is_readonly>True</is_readonly>
  <buildSummary />
</deployment>