﻿<?xml version="1.0" encoding="utf-8"?>
<deployment>
  <id>94eb2976-6a9a-4745-b57a-5241c24f6da1</id>
  <author>N/A</author>
  <deployer>OneDeploy</deployer>
  <authorEmail>N/A</authorEmail>
  <message>OneDeploy</message>
  <progress></progress>
  <status>Success</status>
  <statusText></statusText>
  <lastSuccessEndTime>2025-06-02T14:34:28.4768724Z</lastSuccessEndTime>
  <receivedTime>2025-06-02T14:34:18.5320551Z</receivedTime>
  <startTime>2025-06-02T14:34:20.0389218Z</startTime>
  <endTime>2025-06-02T14:34:28.4768724Z</endTime>
  <complete>True</complete>
  <is_temp>False</is_temp>
  <is_readonly>True</is_readonly>
  <buildSummary />
</deployment>