﻿<?xml version="1.0" encoding="utf-8"?>
<deployment>
  <id>6bfce4c3-c8fa-43c3-bd98-92481291f109</id>
  <author>N/A</author>
  <deployer>OneDeploy</deployer>
  <authorEmail>N/A</authorEmail>
  <message>OneDeploy</message>
  <progress></progress>
  <status>Success</status>
  <statusText></statusText>
  <lastSuccessEndTime>2025-06-02T14:30:02.7133638Z</lastSuccessEndTime>
  <receivedTime>2025-06-02T14:29:53.008881Z</receivedTime>
  <startTime>2025-06-02T14:29:54.4725541Z</startTime>
  <endTime>2025-06-02T14:30:02.7133638Z</endTime>
  <complete>True</complete>
  <is_temp>False</is_temp>
  <is_readonly>True</is_readonly>
  <buildSummary />
</deployment>